,Candidate ID,gRNA Sequence,Combined Score,On-Target Score,Off-Target Score,Efficiency Confidence
1,BRCA1_gRNA_4_02,GTGATCCGACATGGTGTCGT,0.897,0.848,0.03,0.835
2,BRCA1_gRNA_2_07,GAGTGGCTACGCTATCGTCT,0.895,0.872,0.07,0.758
3,BRCA1_gRNA_2_05,GCTCTTAGCCTCAAGCGAGA,0.89,0.91,0.138,0.71
4,BRCA1_gRNA_4_03,GGAGGACCACCTTTGCCGTA,0.88,0.902,0.153,0.887
5,BRCA1_gRNA_2_02,GGATAAGGCGATAACAGACT,0.876,0.923,0.195,0.914
6,BRCA1_gRNA_2_00,GCTCGGTGCGTTATCTGTCA,0.87,0.83,0.069,0.784
7,BRCA1_gRNA_3_06,GAAGTTGCTCCAGGGAAAAA,0.866,0.885,0.163,0.766
8,BRCA1_gRNA_2_04,GCGGGTAAGTCTGTGTCCCA,0.86,0.843,0.113,0.753
9,BRCA1_gRNA_2_01,GCCGGAAACGAATACTGCTT,0.857,0.817,0.083,0.787
10,BRCA1_gRNA_4_06,GGGCAGTAAGCCGTTGGTGT,0.847,0.937,0.287,0.714
